{
  "project_info": {
    "project_number": "981288647840",
    "project_id": "dost-member-app",
    "storage_bucket": "dost-member-app.appspot.com"
  },
  "client": [
    {
      "client_info": {
        "mobilesdk_app_id": "1:981288647840:android:32a29f74bf8da27730ddc5",
        "android_client_info": {
          "package_name": "com.df.dostapp"
        }
      },
      "oauth_client": [
        {
          "client_id": "981288647840-5chljdle2jjm37e8sgkbroomvi8ru8pb.apps.googleusercontent.com",
          "client_type": 3
        }
      ],
      "api_key": [
        {
          "current_key": "AIzaSyCWtk2DWsgi8GLlXhHOuNCdvlynIb0vpA4"
        }
      ],
      "services": {
        "appinvite_service": {
          "other_platform_oauth_client": [
            {
              "client_id": "981288647840-5chljdle2jjm37e8sgkbroomvi8ru8pb.apps.googleusercontent.com",
              "client_type": 3
            }
          ]
        }
      }
    }
  ],
  "configuration_version": "1"
}